Title,Score,URL,Comments,Sentiment
GME YOLO update â€” Jan 28 2021,300570,https://i.redd.it/opzucppb15e61.png,23030,0.4278
GME YOLO month-end update â€” Jan 2021,264707,https://i.redd.it/r557em3t5ce61.png,19912,0.4278
GME YOLO update â€” Feb 19 2021,224567,https://i.redd.it/2xswz0h11ii61.png,12894,0.4278
GME YOLO update â€” Jan 27 2021 --------------------------------------- guess i need 102 characters in title now,218654,https://i.redd.it/a309gkm5yxd61.png,14657,0.4278
GME YOLO update â€” Feb 1 2021,217470,https://i.redd.it/og8ca1xskxe61.png,18067,0.4278
"Used some of my GME tendies to buy Nintendo Switches from Gamestop, then donated them to a Children's Hospital. Got featured on the local news and brought glory to WSB.",215191,https://www.nbcdfw.com/news/local/north-texas-investor-uses-gamestop-gains-help-sick-children/2537134/,6999,0.5423
GME YOLO update â€” Apr 16 2021 â€” final update,175758,https://i.redd.it/n7m08253glt61.png,17881,0.4278
GME YOLO update â€” Mar 8 2021,171939,https://i.redd.it/9jfy2u8bdvl61.png,8075,0.4278
GME YOLO update â€” Feb 2 2021,161707,https://i.redd.it/rr9n7obwq4f61.png,17430,0.4278
GME YOLO month-end update â€” Feb 2021,150753,https://i.redd.it/20ro9puizvj61.png,7649,0.4278
GME YOLO update â€” Feb 3 2021 â€“ heads up gonna back off the daily updates for now,147972,https://i.redd.it/93vf02k2wbf61.png,9962,0.4278
"Today, Interactive Brokers CEO admits that without the buying restrictions, $GME would have gone up in to the thousands",145253,https://v.redd.it/6v6qywrv35i61,7842,0.296
GME YOLO update â€” Jan 26 2021,140116,https://i.redd.it/cltvfhzmrqd61.png,9321,0.4278
"Billboard in Oklahoma City, OK! If someone can rent out a billboard for GME you can hold your shares!!! ğŸ’ ğŸ–!!!! (Left watermark for credit)",132804,https://i.redd.it/05ow7o3dqfe61.jpg,3224,0.8469
GME YOLO update â€” Mar 23 2021,130358,https://i.redd.it/1jmlo9wwiuo61.png,8071,0.4278
"$265,000 raised so far for Dian Fossey Gorilla Fund â¤ï¸#GMEToTheMoon #ApesStrongTogether ğŸŒğŸ¦ğŸš€ğŸŒ•",123539,https://i.redd.it/e2tnaniy58n61.jpg,2762,0
Just bought $1MM worth of $GME. My profits from years of trading. Letâ€™s stick it to the HFs! ğŸ¦ strong together. ğŸ’ ğŸ™Œ,117123,https://i.redd.it/6htn6hnn5we61.jpg,5046,0.8122
"Donâ€™t listen to them, this is them trying to take focus away from GME",112701,https://i.redd.it/btz2rpbegue61.jpg,5607,0
My 102 year old grandmother bought GME in August 1995 and held through all this time.,110054,https://i.redd.it/1gy6kn7jg2f61.jpg,3250,0
I asked my cat if I should buy or sell GME,108242,https://v.redd.it/cer7jxne75k61,2133,0
Finished my DIY project just in time for GME to ğŸš€ğŸš€ğŸš€ğŸš€ (percentages simulated to show movement in the video),107374,https://v.redd.it/5gofhjblabg61,1757,0
CNBC now running Ads promoting that Melvin Capital closed their short positions on $GME,106378,https://i.redd.it/8vxraurkcce61.png,7114,0.3612
GME YOLO month-end update â€” Mar 2021,104488,https://i.redd.it/2hashizm7fq61.png,3986,0.4278
GME Today...,103925,https://v.redd.it/ry01zotfi9m61,1661,0
Today wasnâ€™t a bloodbath for $GME or $AMC. WE watched LITERAL insanity as Hedgies sat and traded their trash BACK and forth to each other in order to cause YOU to panic. HOLD. BUY.,102183,https://www.reddit.com/r/wallstreetbets/comments/lajk83/today_wasnt_a_bloodbath_for_gme_or_amc_we_watched/,5912,-0.7906
GME YOLO update â€” Mar 24 2021,102135,https://i.redd.it/kv66vitpn1p61.png,5705,0.4278
Tried to quickly buy 50k worth of GME before close but fat fingered and ended up buying â€œGMEDâ€,98734,https://i.redd.it/8qb3tiaquoj61.jpg,6712,0.1154
GME YOLO update â€” Jan 22 2021,96538,https://i.redd.it/xho46kzt7yc61.png,6109,0.4278
GME YOLO update â€” Jan 25 2021,87370,https://i.redd.it/1ubfvqedmjd61.png,5329,0.4278
GME YOLO update â€” Apr 1 2021,87344,https://i.redd.it/qs5f2oeisnq61.png,2692,0.4278
Porn addict hasnâ€™t masturbated in 54 days and $GME is breaking his will,87147,https://i.redd.it/xqaz60x5f3f61.jpg,1952,0
Donâ€™t be scared by the drop in $BB $GME etc. Hedge Funds trade after hours to scare yâ€™all off... KEEP BUYING AND HOLDING ğŸš€ğŸš€,86559,https://i.redd.it/a0to0qe4n1e61.jpg,4352,-0.802
GME Overnight Pajama Party Megathread,85519,https://www.reddit.com/r/wallstreetbets/comments/l7iorh/gme_overnight_pajama_party_megathread/,76851,0.4019
"GME up 37% ""I'm not sure I can take it again""",84189,https://v.redd.it/a1kqnxvckhj61,6058,-0.2411
Citadel reloaded their shorts before they told Robinhood to stop trading $GME,84031,https://twitter.com/justinkan/status/1354853920762253315?s=21,3571,-0.296
I converted the price of GME to sound and could not believe my ears,83907,https://v.redd.it/z27ydrc3jsj61,1657,0
Honorary WSB Autist award goes to Chamath Palihapitiya! He is out here defending us retail investors and calling out hedge funds for their manipulation and bullshit practices that have left retail holding the bag for YEARS. GME goingğŸš€ğŸš€ğŸš€ğŸš€ğŸš€ğŸš€,83015,https://i.redd.it/rty35qamswd61.png,2596,-0.1007
Vlad on his way to commit market manipulation after seeing the GME price,81718,https://v.redd.it/szcho43lhnj61,1467,0
Why the fuck are we acting like we lost? We made GME go from 4 to 400 and it took combined trading platforms to silence and cheat to bring it to 90.,77282,https://www.reddit.com/r/wallstreetbets/comments/lb8lwf/why_the_fuck_are_we_acting_like_we_lost_we_made/,5363,-0.743
Bought a car with $GME tendies-had to say thanks,77246,https://i.redd.it/psk8mb3mj4j61.jpg,2569,0.4404
HEY SEC - Here's your market manipulation. RH working to keep GME down.,76880,https://i.redd.it/kbp7f07eobe61.png,2371,-0.296
Food bank donation with GME gains. Shelves fully stocked with tendies.,76752,https://i.imgur.com/VeP09Ax.jpg,1643,0.34
STOP BUYING SLV YOU SMOOTH BRAINED RETARDS ITS TECHNICALLY INVERSING GME. *I LOST MY CRAYONS SO I HAD TO USE REAL CHARTS*,75354,https://i.redd.it/78kadx1cpve61.jpg,2698,-0.5423
"I just bought $5,000 in $GME. I would not have done this if the brokerages didn't try to manipulate the market.",75318,https://www.reddit.com/r/wallstreetbets/comments/l78fuh/i_just_bought_5000_in_gme_i_would_not_have_done/,4830,0
How to Buy GME Above Broker Limits,75146,https://www.reddit.com/r/wallstreetbets/comments/l82y7u/how_to_buy_gme_above_broker_limits/,3889,0
"Itâ€™s time for a government bailout of GME shareholders at $10,000 per share. This would be roughly equivalent to the $700 billion bank bailout in 08 that was necessary to prevent â€˜systemic riskâ€™.",74736,https://www.reddit.com/r/wallstreetbets/comments/l7sx9e/its_time_for_a_government_bailout_of_gme/,2570,0.128
GME after the earnings dip,74733,https://v.redd.it/h1b1ft9e37p81,1346,0
Bought some nintendo switches from gamestop and donated them to the local children's hospital. GME to the moon!,73648,https://v.redd.it/io50xh3n01p61,1536,0
The Silver Squeeze is a hedge-fund coordinated attack so they can keep fighting the $GME fight,73292,https://www.reddit.com/r/wallstreetbets/comments/l9runf/the_silver_squeeze_is_a_hedgefund_coordinated/,4670,-0.802
The Legend of $GME,71780,https://v.redd.it/8fge2iflwbg61,1352,0
"$GME & $AMC Line comparation, from the last 5 Days...",71396,https://i.redd.it/rmw4womtcpf61.jpg,4681,0
$GME after the hedgies dropped it to 198,71077,https://v.redd.it/axz7ybedt8m61,1982,0
$GME Gang Awarding Their Own Posts,70785,https://i.redd.it/9imdlkxdqde61.png,489,0.4404
AMC CEO shows us he isnt wearing pants...,70459,https://v.redd.it/oczw6x96w8371,2595,0
"I recruited an astronaut to help get us to the moon. Heâ€™s also an actor, scientist, doctor, and lawyer, and seriously knows his stuff! He loves the movies and we love the stock! Long live AMC!",70130,https://v.redd.it/acffyji7htj61,1973,0.8951
I programmed my LEDs to change colours depending on GME going up/down,69746,https://v.redd.it/h3mmlfbd6ul61,1586,0
"RH now limiting to 2 shares max of GME. This is the same shit as yesterday, just disguised.",68622,https://i.redd.it/krc5kesbabe61.jpg,3722,-0.5423
ROBINHOOD WILL HAVE TO BREAK INTO MY WIFEâ€™S BOYFRIENDâ€™S HOUSE IF THEY WANT TO FORCE ME TO SELL MY GME,68480,https://i.redd.it/qfpvj7oisje61.jpg,1858,0.0772
RH eases restrictions again in AMC and GME,66972,https://i.redd.it/kuko3nx6gdf61.jpg,3953,0.3182
"Iâ€™m pleased to announce my weekly GME gains of $69,694.20. Very bullish for Monday with these good luck numbers!",66505,https://i.redd.it/nlj9twh9pse61.jpg,1624,0.8883
"6M in GameStop GME. Following through. Canâ€™t stop, wonâ€™t stop, lift off",65843,https://i.redd.it/0zvuvrfx7rd61.jpg,3198,-0.5267
I made a promise to some friends that I would eat a green crayon if GME hit $250. Might as well show you apes as well.,64457,https://v.redd.it/zwpv4w52l5m61,3712,0.8225
GME Megathread,64154,https://www.reddit.com/r/wallstreetbets/comments/l71c4z/gme_megathread/,64902,0
"GameStop, AMC short sellers sit on nearly $1 billion loss.",63629,https://www.reuters.com/technology/gamestop-amc-short-sellers-sit-nearly-1-billion-loss-ortex-2021-05-18/,3134,-0.3182
"GME gang, remember to give back. Tomorrow I'm paying it forward at our local hospital and buying coffee and donuts for our front lines. Those heroes deserve a fucking medal!",63000,https://www.reddit.com/r/wallstreetbets/comments/l87hhd/gme_gang_remember_to_give_back_tomorrow_im_paying/,2627,0.7897
WSB: GME Infinity War,61316,https://v.redd.it/h02i6340agg61,1897,-0.5994
"Gamestop, AMC short sellers lost $754 million after Tuesday's rally",60407,https://finance.yahoo.com/news/gamestop-amc-short-sellers-lost-124332329.html,2669,-0.3182
"Watching GME, waiting for it to Squeeze like:",59602,https://i.redd.it/1uip6jnrf1o61.gif,1478,0.3612
GME realistic price prediction DD,59310,https://v.redd.it/rxiniz866hl61,1894,0
"Beware those who are shilling other stocks claiming they're the next GME! They're just trying to get your attention, and they're succeeding! ğŸš¨",58639,https://www.reddit.com/r/wallstreetbets/comments/l8izo3/beware_those_who_are_shilling_other_stocks/,5680,0.5837
"I emailed a journalist to let him know that WSB is NOT buying silver. His response? He joined the community! Welcome retard, can we make this a trend? Let's open people's eyes to hats really going on. GME ğŸš€ğŸš€ğŸš€ğŸš€ğŸš€",58606,https://www.reddit.com/r/wallstreetbets/comments/lbm1ks/i_emailed_a_journalist_to_let_him_know_that_wsb/,1344,-0.2621
A GME story.,58494,https://v.redd.it/dtvinejd8vf61,2114,0
The real reason Wall Street is terrified of the GME situation,58216,https://www.reddit.com/r/wallstreetbets/comments/l97ykd/the_real_reason_wall_street_is_terrified_of_the/,7682,-0.6124
Can I get a flair for buying GME at the literal top ($155.29)?,58093,https://i.redd.it/dcvu7lq2iid61.jpg,4037,0.2023
GME Institutions Hold 177% of Float Why the Squeeze is not Squoze,57782,https://www.reddit.com/r/wallstreetbets/comments/le235t/gme_institutions_hold_177_of_float_why_the/,4840,0
Lawmakers side with retail investors against Wall Street institutions !!!!!!! GME AMC BB NOK ğŸš€ğŸš€ğŸš€,57767,https://i.redd.it/sj9jmrzhy5e61.jpg,1448,0
GME YOLO update â€” Jan 13 2021,56895,https://i.redd.it/1hw6ljgfz5b61.png,3088,0.4278
"Delivered bags of peanuts to GameStop employees, as I said I would. Still holding 100 shares of GME!!! ğŸš€ğŸš€ğŸš€",56798,https://i.redd.it/locs9rm64ie61.jpg,1095,0.4724
To all GME holders: Shut up and listen,55581,https://www.reddit.com/r/wallstreetbets/comments/lathys/to_all_gme_holders_shut_up_and_listen/,5459,0
Just bought 87 shares of GME from Saudi Arabia. I stand with you fellow retards all the way to the moon ğŸš€ğŸš€ğŸš€,54639,https://i.redd.it/zwnlmicofve61.jpg,1487,0.296
RobinHood CEO when responding to Chris Cuomo on why he shut down trading of GME and AMC,54201,https://v.redd.it/33lscffgm9e61,897,0
Trying to time a TSLA trade,54150,https://v.redd.it/qqrpx54psno61,836,0
"If your friends and family are wondering why you're buying $GME @ $300, maybe you can explain it to them like this:",53077,https://www.reddit.com/r/wallstreetbets/comments/l8lxuy/if_your_friends_and_family_are_wondering_why/,3160,0.6808
"Been an AMC employee for 5+ years, so thanks for bailing us out and saving my job. Also, ""I'm not fucking leaving""ğŸ’ğŸ‘",53035,https://i.redd.it/g7eeiqkzkxe61.png,1140,0.5777
$GME shorties yesterday vs today,52251,https://i.redd.it/tc9lwshci7p61.gif,1087,0
Bill Gross is short GME. Selling $250 and $300 calls.,52188,https://i.redd.it/pqnbbr0z2gn61.jpg,2341,-0.4767
Volume is low. Donâ€™t believe the news. No one is selling. $GME is going to the moon. Hold on.,50534,https://i.redd.it/q3xpvdnn4xe61.jpg,2478,-0.5106
"The SEC Just posted the new numbers for Failure to Deliver. Guess What, GME is failing to deliver every day.",49444,https://www.reddit.com/r/wallstreetbets/comments/ll68pc/the_sec_just_posted_the_new_numbers_for_failure/,3424,-0.765
